Date,BTC,SJC,VNINDEX
2023-08-02,2.2769166618986394,0.2109443538655046,1.209942590254974
2023-08-03,2.3911941358767947,0.21142749799306884,1.1009399166354594
2023-08-04,2.308371686261908,0.22831690709602628,1.1603585771841483
2023-08-07,2.267835264048877,0.2331109689613373,1.1205161867901605
2023-08-08,2.1970165044427175,0.2322998130444533,1.0754061309681962
2023-08-09,2.20626886846876,0.2423251077419231,0.9944820010848849
2023-08-10,2.197326146371964,0.24631110004396817,1.0489197109705004
2023-08-11,2.185603965713583,0.26103110816993325,1.1126040857423907
2023-08-14,2.1399253293987313,0.26928835443872,1.0620688468829362
2023-08-15,2.0794194611487313,0.30819736050455926,0.9721150528562303
2023-08-16,2.0834796835870057,0.31250005971728956,0.9580784898459427
2023-08-17,2.137370754138344,0.3395021714293156,0.9249123585074827
2023-08-18,2.966558719184124,0.33198080858884466,1.0007557899288237
2023-08-21,3.16571232700612,0.33460149450099136,2.2414721234701087
2023-08-22,3.0116901466138337,0.33790443496446365,1.9438998148832398
2023-08-23,2.913786544431831,0.3572928724804508,1.6932043769437555
2023-08-24,2.8386360058499363,0.4456507342134032,1.667993302939929
2023-08-25,2.7934480893560893,0.46924650768798915,1.5234854972381693
2023-08-28,2.731902974222625,0.48871191946279574,1.3787369005087593
2023-08-29,2.632048155282375,0.47898136118391643,1.3056954336752051
2023-08-30,2.8038460365896567,0.46093682106678363,1.1733327249046497
2023-08-31,2.760565048773142,0.48298525656924807,1.1102224831014218
2023-09-05,3.2385305306061385,0.4747894351763386,1.0450051244254854
2023-09-06,3.2004990324525684,0.46603087554771744,1.0058821398859883
2023-09-07,3.0714651450856474,0.4490863370984965,0.955007144747653
2023-09-08,2.9973459855232507,0.4423388759584451,0.9105735238803713
2023-09-11,2.9785902275350016,0.5079504404986653,0.8673064023708756
2023-09-12,3.1554988046008488,0.48682595723819827,1.1083315572359145
2023-09-13,3.0994764569576314,0.47831015898429047,1.109883396565667
2023-09-14,3.0196292255784813,0.5130737629247281,1.1853407205166073
2023-09-15,2.922295176448014,0.5230880380892953,1.2889665412648508
2023-09-18,2.82191434217276,0.5292591977158517,1.1723455535592635
2023-09-19,2.723058574805644,0.6768765684471872,1.2718332068594307
2023-09-20,2.696905046584239,0.6405722560813798,1.1868272720472677
2023-09-21,2.609242380912662,0.6184908430974054,1.1353419601480952
2023-09-22,2.7724232409249523,0.5984416365397903,1.257951448889557
2023-09-25,2.6616158639847005,0.6162250155661289,1.4584521636034924
2023-09-26,2.646304777476145,0.6271111919676037,1.956699354549665
2023-09-27,2.5778328585055648,0.6423041031284176,1.860558335133975
2023-09-28,2.491468327149393,0.6200622129814475,1.6711714720955912
2023-09-29,2.500549488966044,0.5998692519500513,1.546976550794338
2023-10-02,2.439270447847784,0.5815133323266258,1.365768392288658
2023-10-03,2.420659980441128,0.5919463366515377,1.2345234555751188
2023-10-04,2.3430799567762426,0.5693160751443174,1.821078825199827
2023-10-05,2.319909281481708,0.5846982294306428,1.640903728401783
2023-10-06,2.364844740701164,0.5850956518190641,1.71503416329759
2023-10-09,2.3462969238209954,0.5664609554406483,1.5696185630657713
2023-10-10,2.40189991261256,0.7317052141365359,1.3973632450128883
2023-10-11,2.4013546904731853,0.6900348563454927,1.289576663620973
2023-10-12,2.514763461485921,0.6535585558996784,1.171725920850408
2023-10-13,2.4648886142640998,0.839021309339495,1.074947399153478
2023-10-16,2.3824245713670535,0.8320866185057967,0.9861070217717373
2023-10-17,2.5570502345991635,0.8351641576036851,1.13345972856584
2023-10-18,2.457599165257471,0.8336579261461127,1.3732992028852473
2023-10-19,2.397751528432217,0.8086751141219806,1.5137270787123014
2023-10-20,2.374620605848747,0.7680598402131483,1.597497505606644
2023-10-23,2.430461928589812,0.9220065844766979,1.4974324513512873
2023-10-24,2.838653193574177,0.9208768235667285,1.6458812725589298
2023-10-25,2.855174060640245,0.9000949358369321,1.5114135557754267
2023-10-26,2.7976796086989846,0.911839485589768,1.425805824920159
2023-10-27,2.7709461607945456,0.9738661898125809,2.179075570693527
2023-10-30,2.7230134724371435,0.9248008220453845,1.8957414427086117
2023-10-31,2.667995360405515,0.9285443864285663,1.9451589230591404
2023-11-01,2.5753826837930363,0.9207991573921798,1.9620800262296423
2023-11-02,2.562713070994943,0.859690267004425,1.741939834201536
2023-11-03,2.588275175561881,0.870506331338568,1.716223841894475
2023-11-06,2.569925463769157,0.8651436519938621,1.6025773411512223
2023-11-07,2.4894991399564175,0.9794968344134634,1.4806591569476162
2023-11-08,2.408482329863883,0.9215371911344952,1.4329245404429787
2023-11-09,2.3376860386190557,0.9938721813726019,1.456173162853558
2023-11-10,2.386048552119297,0.9605169125502806,1.425278565100075
2023-11-13,2.3703558692184115,0.9499093634228929,1.4194499491670245
2023-11-14,2.5203175826965816,0.9212781540835318,1.291248122487592
2023-11-15,2.696088125589689,0.9055273939834132,1.2203261379350805
2023-11-16,2.847496925420589,0.8550104245119996,1.1278556844352947
2023-11-17,3.2094327532622944,0.8119790914455393,1.0328076572648217
2023-11-20,3.0793632786846863,0.8554234483136091,1.4020869271125234
2023-11-21,3.022348610185496,0.8028490150671787,1.2775807579694396
2023-11-22,3.378429710019534,0.8664888793703962,1.1675394751217385
2023-11-23,3.359748331950265,1.1050018289812393,1.0610652706554058
2023-11-24,3.1884066303150864,1.1123803650073236,1.531860623649927
2023-11-27,3.0778524596827634,1.0740470284779695,1.4147710005622116
2023-11-28,3.0453586054143607,1.1921410085195276,1.4293546062257763
2023-11-29,2.9505554058858445,1.4817069507505325,1.302537829768717
2023-11-30,2.818329176649411,1.395416931075272,1.1850841493507849
2023-12-01,2.73486231929556,1.283330173351131,1.1690185776532196
2023-12-04,2.7186928453955534,1.1933620230920976,1.0883331233942395
2023-12-05,2.971291300404077,1.3499001772413584,1.0851884604406883
2023-12-06,3.0585101509446835,1.252158262915045,1.1152564159295537
2023-12-07,2.958228982876622,1.1657909297217595,1.0642058492500444
2023-12-08,2.9363423605029544,1.0892626722830483,1.048691155534325
2023-12-11,2.8772654882879403,1.0303302194438824,0.9765270393402834
2023-12-12,3.5104998848366202,1.0441410159708608,0.932032985004968
2023-12-13,3.319662614237848,1.037295957296367,0.8768098019163558
2023-12-14,3.2894770342053588,1.0056552670784598,1.1060508322063047
2023-12-15,3.1417473091257135,1.1270166049809556,1.0375734369330456
2023-12-18,3.2667825452641033,1.0845680405756293,1.1003573813428442
2023-12-19,3.157793978861584,1.0352390961637041,1.1754420821344627
2023-12-20,3.0463881587542185,1.1308988509416755,1.0775181587396374
2023-12-21,3.0300581088617453,1.2317320707863977,1.0031258637197884
2023-12-22,2.90880449112701,1.2100618605604931,0.924592725059007
2023-12-25,2.7825032665501817,1.4552013998898594,0.8554765929897331
2023-12-26,2.792744644089761,1.9276629838992239,0.875622482927068
2023-12-27,2.9492718322122857,1.815050366159602,0.8241498814921789
2023-12-28,2.90702647127567,1.748761852081601,0.7882375326848368
2023-12-29,2.947613074572293,2.126569394810674,0.7749829446456673
2024-01-02,3.0040283903272935,2.2556889257947916,0.7323704590935137
2024-01-03,3.140357751890313,2.0868031370796016,0.6926528073827829
2024-01-04,3.411940062873519,2.0258906712116023,0.7172074260423067
2024-01-05,3.347740439384154,1.9603964646725212,0.7045071457859087
2024-01-08,3.174337989724679,1.786826229704222,0.6780971439688841
2024-01-09,3.2770434704117046,1.822438646493282,0.6692178010332424
2024-01-10,3.268307963862972,1.8000522342849687,0.6575376936987087
2024-01-11,3.139463563153618,1.6351670829902867,0.6358330763901281
2024-01-12,3.024912422971963,1.7561650136216085,0.6109545809486796
2024-01-15,3.721669925701471,1.7745298263690314,0.7239207352301048
2024-01-16,3.642980232172031,1.7711610808676557,0.6959225295196327
2024-01-17,3.4896040324915187,1.649413438742197,0.7021721303835828
2024-01-18,3.3830824811440343,1.6043719908602951,0.7081133722666629
2024-01-19,3.5756647808439177,1.4672908108336298,0.6975580334664232
2024-01-22,3.4056456008029934,1.4684952920664494,0.7211981393589538
2024-01-23,3.764843749746238,1.5131409484872766,0.6822380341341777
2024-01-24,3.564020271180149,1.526921610409511,0.7573830313832486
2024-01-25,3.391447548433612,1.4358808432202075,0.7599234536361065
2024-01-26,3.2404624706867184,1.363204390107858,0.7522600234753687
2024-01-29,3.2663870442693472,1.3425804468931468,0.7241138985278069
2024-01-30,3.25205571977508,1.2456987645172208,0.7105348947371286
2024-01-31,3.175964869840897,1.309699382714165,0.6905967124871274
2024-02-01,3.1754747015447338,1.3462432825155586,0.960130683615012
2024-02-02,3.059765174320252,1.4304107827012753,0.933790887248129
2024-02-05,2.9199507514146323,1.3655103020784483,0.9063446740265092
2024-02-06,2.943995331282944,1.3090950516135222,0.9022400664070627
2024-02-07,2.846369928920928,1.2752171395869876,0.8521924456290596
2024-02-15,2.834703090102151,1.2123656150134723,0.8514617350911301
2024-02-16,3.464176052266566,1.270996966077166,0.7975355426825552
2024-02-19,3.3457273624659667,1.373177535459546,0.7846934472897934
2024-02-20,3.2255190520136914,1.4996468163158703,0.7956483723372482
2024-02-21,3.10012916147949,1.554926534337025,0.7652221379892028
2024-02-22,3.039130840642636,1.4669132233876527,0.7433988181335082
2024-02-23,3.0132089281973693,1.5520718777938574,0.7276813597640207
2024-02-26,2.973413225425383,1.4300705507872224,0.9538815542084763
2024-02-27,3.147246285580694,1.3172062989292757,0.9348887900726867
2024-02-28,3.2100244037100243,1.273643737810073,0.9090489358084732
2024-02-29,3.4481207127474014,1.2680381858339824,0.9083852520378292
2024-03-01,3.420858018197919,1.2054085241447219,0.9075615443786916
2024-03-04,3.3142559778584024,1.1822499039384327,0.8790773765768178
2024-03-05,3.53609576770427,1.374529567597393,0.8229977788719828
2024-03-06,3.982042907598737,1.2656735467731624,0.8036552628308675
2024-03-07,3.865948344825983,1.202160397113595,0.9123585430203948
2024-03-08,3.689684935267084,1.3493880074726892,0.8776985365812476
2024-03-11,3.56491183809025,1.2448351776556497,1.2191736561885564
2024-03-12,3.592334526403344,1.214182036637391,1.240685972831751
2024-03-13,3.456382534529107,1.1240566031709882,1.151474306867268
2024-03-14,3.3567173811147106,1.4409313811620217,1.1518182102431462
2024-03-15,3.3941901198197386,1.725646412875976,1.2340089158624206
2024-03-18,3.5167724960630373,1.6674636231648043,1.1219396528894734
2024-03-19,3.6112544571056624,1.6141058537683877,1.3134308978708005
2024-03-20,4.37806911382829,1.47781217835737,1.181075717117583
2024-03-21,4.457481434122635,1.364830078877679,1.1239284135000904
2024-03-22,4.449663699319164,1.4174754909418283,1.0850702654060995
2024-03-25,4.4452567602374735,1.483781394212513,0.9937897857383706
2024-03-26,4.528034630865857,1.3795317321718052,1.090745181332444
2024-03-27,4.245701864242687,1.3192336185829008,1.065618873638919
2024-03-28,4.04934773696249,1.453459646031134,0.9965403861153279
2024-03-29,3.872678332243284,1.383168167020285,0.9359074409240653
2024-04-01,3.7566710392423794,1.3317561547604975,0.9778974878054585
2024-04-02,3.5780951222453106,1.2781394107494588,0.9004420307084201
2024-04-03,4.052095804129689,1.3453179788961314,0.8465397528360898
2024-04-04,3.8312310839971793,1.289895552678119,1.0502613406799446
2024-04-05,3.778745372998706,1.207952295743761,1.0030616937568353
2024-04-08,3.6625638748521214,1.182652570370028,1.1165232268373786
2024-04-09,3.678582982250074,1.387328898202192,1.0775036121673045
2024-04-10,3.7889953162367336,1.981784925686098,1.0262238354694686
2024-04-11,3.6367741806488096,1.7976952296603161,1.0162873005743114
2024-04-12,3.5063178992075166,1.7168135093657877,0.9471052027062143
2024-04-15,3.7342688586038366,1.7182719778462683,0.9584566010945464
2024-04-16,4.143690507327443,1.6639808387634984,2.3761630276192327
2024-04-17,3.9183591702662866,1.5679822891094686,2.034793227259327
2024-04-19,4.047870168706111,1.5266167236551007,2.110346806194807
2024-04-22,3.97452113388127,1.4558123374763934,2.0600149182246557
2024-04-23,3.941067459841332,1.4877340838222823,1.8119102560676252
2024-04-24,3.740568703812941,1.5260042760205044,1.7167712510084745
2024-04-25,3.8695182053759445,2.2002341037526127,1.615359861128123
2024-04-26,3.6578614237645692,1.995015489783705,1.4635842364268261
2024-05-02,3.59213002075502,2.0206618510918957,1.3281319099321816
2024-05-03,4.21896196891636,1.8546458300441344,1.2080176263522557
2024-05-06,4.192646626634768,1.850652983911125,1.1198720236281101
2024-05-07,3.961988472633239,1.8767248253183804,1.0913422420268013
2024-05-08,3.869824604518016,1.9283184707609,1.01863601572944
2024-05-09,3.830697633943483,1.7589100951353243,0.9365979842331265
2024-05-10,3.724362268582934,2.1103385404747472,0.885745563978115
2024-05-13,3.8559048310096755,2.9000264019857522,0.8693249648780211
2024-05-14,3.756204629400778,2.944023215279745,0.8962322785371589
2024-05-15,3.736670243039096,2.821883488917065,0.8411377902814889
2024-05-16,3.8234552083275197,2.8941721360475245,0.8271632292393399
2024-05-17,3.7144904684271145,2.614357819597375,0.8269238206346415
2024-05-20,3.6042857613003587,2.3597112034597485,0.7818061418481372
2024-05-21,3.678890141546777,2.3769897613437903,0.7552107967151118
2024-05-22,3.6155827518267682,2.191244958855721,0.7158370934666108
2024-05-23,3.5754044122112707,2.0315205218635066,0.8431043395182809
2024-05-24,3.5671135175577127,1.9991280233144362,0.8468932584218335
2024-05-27,3.397041503396888,1.8573223842501072,1.1523214318213426
2024-05-28,3.2664438437364276,1.701306473863406,1.0726786537128115
2024-05-29,3.2662877437953135,1.6926538430255749,1.0289138625905587
2024-05-30,3.224196172928731,1.5708087676448728,1.081452582647842
2024-05-31,3.1019578308087907,1.8113523571984356,1.1110517873051247
2024-06-03,3.080350831203481,2.1195565429616314,1.0258784559571232
2024-06-04,3.001723410101685,3.0250191551139767,1.0161734792845365
2024-06-05,2.966117095338369,2.8286018053867115,0.952006712921993
2024-06-06,2.8574325752090695,2.705568328170557,0.8806021932082381
2024-06-07,2.7799356860087925,2.647987774345714,0.8168585857530152
2024-06-10,2.873688439639898,2.381441413505954,0.7847229970659947
2024-06-11,2.754280126569615,2.1517332765579305,0.7353544637087759
2024-06-12,2.9649291607488144,1.9529875560684844,0.7912208719340209
2024-06-13,2.8723119377998114,1.7803801195406301,0.8123452012800342
2024-06-14,2.9640272243035164,1.6299321233930588,0.7698191002592418
2024-06-17,2.9633730319497613,1.4983473391148008,1.118171872831302
2024-06-18,2.8502139996851015,1.3828833080510423,1.0591603293010585
2024-06-19,2.9435120196004245,1.2812488075037611,0.9921304023940178
2024-06-20,2.8536420586967304,1.1915218810952701,0.9625477212755013
2024-06-21,2.7574182796645683,1.112084017728695,0.8872724202768858
2024-06-24,2.7637270996175665,1.041567069925025,0.8275496292212817
2024-06-25,3.3384355509746606,0.9788102669189332,1.2869729133257015
2024-06-26,3.2502600304939744,0.9228252615839742,1.1713193849219454
2024-06-27,3.2367382543841994,0.87276759793929,1.0740068504227163
2024-06-28,3.1186498847060196,0.8279133309312261,1.0382401167999167
2024-07-01,3.180637148591803,0.7876397971493776,1.2065526618927782
2024-07-02,3.182656588615015,0.7514097426524897,1.1476429371852883
2024-07-03,3.133986835398743,0.7187581760673515,1.0935206770461978
2024-07-04,3.3057548740782727,0.6892814420939101,1.0113299707644008
2024-07-05,3.7352196445897334,0.6626281104725893,0.9340137502360315
2024-07-08,3.622578062575119,0.6384913544153714,0.8870101644702105
2024-07-09,3.442504672797435,0.6166025551130856,0.8335197808560233
2024-07-10,3.347945704907358,0.5967259187727435,0.8156471114457917
2024-07-11,3.2144348130606883,0.578653932459526,0.9040846052918475
2024-07-12,3.1337410609264076,0.5622035169458762,0.853156691352469
2024-07-15,3.013810806578999,0.5944866874904952,0.8512737543581096
2024-07-16,3.375599732806347,0.5766166300229105,0.8006661050890586
2024-07-17,3.2324425722045182,0.5603478441642458,0.7635351268817206
2024-07-18,3.221624861808588,0.5925111391862812,0.9154273283935763
2024-07-19,3.12557635720061,2.6176203831138896,0.8733785416946107
2024-07-22,3.1424609896842224,2.3553171751692887,0.9795684515050952
2024-07-23,3.0477074397745594,2.129168486185672,1.0504260727530395
2024-07-24,3.141824082531263,2.05981657148362,1.350362900743845
2024-07-25,3.089785203277802,1.8732383497230842,1.2479840075999433
2024-07-26,2.9595815280601885,1.7109348064986731,1.262003416458578
2024-07-29,2.9430761473968605,1.5692486020354828,1.171806968366328
2024-07-30,2.9521495325056346,1.4451440182904516,1.068168926626966
2024-07-31,2.938871658887244,1.4225397112143703,0.9766148046700471
2024-08-01,3.064397659571639,1.3161903649097915,0.9165251226612843
2024-08-02,2.9459107136008864,1.4547698162494618,1.266624258154956
2024-08-05,3.4858477472906233,1.3853627804914423,1.1861399244072168
2024-08-06,4.8528242496845895,1.2834345900729285,2.1118149128432253
2024-08-07,4.603424672322389,1.3834561041758322,1.928680598620808
2024-08-08,4.437163076285108,1.2817537699331245,1.6841656274635761
2024-08-09,4.630098528965255,1.279857287793547,1.5642484285950453
2024-08-12,4.387373826655999,1.1902915711994788,1.4257342587826214
2024-08-13,4.386549267465211,1.1109932554074124,1.320120326534356
2024-08-14,4.17920341537575,1.5821661127248199,1.249218147541238
2024-08-15,4.221096351593328,1.4564756800702492,1.1238270198370925
2024-08-16,4.220463760046798,1.3460622914145917,1.0988646918967861
2024-08-19,4.038400588202661,1.2487715801582011,1.1301569978081398
2024-08-20,3.8375311328509687,1.1627939082147665,1.0411016557920807
2024-08-21,3.7289952067023178,1.3964085956047714,0.9980897788099533
2024-08-22,3.6488537728413504,1.2931702494426631,0.9606752078773312
2024-08-23,3.551569263444469,1.2020601407849631,0.8864149780418294
2024-08-26,3.6051698988851384,1.1214252413295527,0.8225568414833728
2024-08-27,3.557371153699458,1.0498688733799921,0.8382526187971399
2024-08-28,4.000353821009838,0.9862065934081848,0.7823938743828378
2024-08-29,3.902113619600972,0.9294303383055516,0.7456514267167322
2024-08-30,3.693154301506257,0.8786791717213083,0.7123135040426568
2024-09-04,3.5273207903630204,0.8332153240754224,0.6795101966546416
2024-09-05,3.544127296852251,0.7924044953545644,0.7759784799668044
2024-09-06,3.6938242273093223,0.8454209421058861,0.8400263961180843
2024-09-09,3.973059812822739,0.8033689215582696,0.80814611969886
2024-09-10,3.9238391359105584,0.7655676989195825,0.8739036925571693
2024-09-11,3.7575207464733054,0.7315245657050852,1.0225748657792917
2024-09-12,3.6013272302908126,0.7008123173881698,0.9471951399103684
2024-09-13,3.4316468035082646,0.6730594533680181,0.8868645553828408
2024-09-16,3.423515077536744,0.6479419895281027,0.9349156447241656
2024-09-17,3.6441068175999463,0.6251765964605565,1.0615838947016558
2024-09-18,3.570495545736318,1.2474674415174214,1.0663298411780238
2024-09-19,3.4852729308401513,1.161639737892754,0.9836670286579499
2024-09-20,3.381758294612896,1.1188377301671606,0.9221927332570486
2024-09-23,3.2151870124339634,1.0713847423879326,0.8529454430619654
2024-09-24,3.062587663883908,1.005365528338419,0.8033509812287128
2024-09-25,2.979386553871505,1.471879156160903,0.7784374386763003
2024-09-26,3.030347695950395,1.3596123726052392,0.7710079007072683
2024-09-27,3.0077117316915003,1.2607270141649123,0.732279877018768
2024-09-30,2.914994376107722,1.1733724213285381,0.7051491201961512
2024-10-01,3.186717348938982,1.0959888200684849,0.7016845190026554
2024-10-02,3.4928465914212645,1.145390464699227,0.6824081934087797
2024-10-03,3.3599057197583977,1.0711555615479036,0.7427371172179463
2024-10-04,3.1967329391041948,1.005161529715987,0.8547164489236363
2024-10-07,3.1379126544764504,0.9463490363658326,0.9000431098049468
2024-10-08,2.9991694590956124,0.8938143229753198,0.8378139578130542
2024-10-09,2.861654796328884,1.152860265810459,0.7811648863400894
2024-10-10,2.9995418755607446,1.0777870320180758,0.7707516152338967
2024-10-11,2.9391968889373037,1.0936793631937383,0.7374880014181646
2024-10-14,2.947030574121337,1.0252026327410755,0.7031476472532731
2024-10-15,3.0524694807995005,1.0812116991283047,0.7001808790261187
2024-10-16,2.986938274537555,1.0141111654626,0.7316483262275962
2024-10-17,2.896753830914105,1.2479794971672302,0.72218223766064
2024-10-18,2.782440011819021,1.1620929155689992,0.7096561888280591
2024-10-21,2.7548014477904954,1.0859812699083446,0.7152146832007369
2024-10-22,2.7969196140549677,1.7264834411494752,0.7677115661835024
2024-10-23,2.687037060197362,1.8415392808544193,0.8656948306060119
2024-10-24,2.6787920252868376,1.6833004117889399,0.8127451858637388
2024-10-25,2.6698544355596976,1.5450749747156884,1.017331791592975
2024-10-28,2.7844725384548417,1.4239285957710104,0.9910210780071772
2024-10-29,2.8511901483544397,1.317413447298188,0.9158219997060918
2024-10-30,2.8996099663756687,1.2234792383712958,0.8754251960648736
2024-10-31,2.823290230914125,1.4080584349634275,0.9056298840151958
2024-11-01,3.0240556363570925,1.3034351315572972,0.8701241108847492
2024-11-04,3.0200181594451014,1.2876809142158325,0.9680268509047859
2024-11-05,3.135187472581446,1.27428060038444,1.0316646357602728
2024-11-06,3.068467580476838,1.1853604442009051,0.9451649741916524
2024-11-07,3.3061642855054,1.1066210126805376,0.9408583369704386
2024-11-08,3.177182875446111,2.1107669031829195,0.9552019228516349
2024-11-11,3.0473510577750162,2.1045145448906513,0.9773470260111317
2024-11-12,3.555122905235435,1.9665898300351137,0.9064132193155651
2024-11-13,3.3697105944580974,2.024142879483827,0.9137104379767222
2024-11-14,3.313752242739748,1.842250808557309,0.8613877365512879
2024-11-15,3.51286627937681,1.7648350736110194,1.043610052974247
2024-11-18,3.494656301837278,1.6163563021044407,1.1399908977863302
2024-11-19,3.3452747890175334,1.6830707981274489,1.053852410439599
2024-11-20,3.249895580532658,1.8220005955058443,1.1671385023462408
2024-11-21,3.1733717320595196,1.839394983190857,1.1030708354552048
2024-11-22,3.203321675842222,1.8682768304414266,1.0477328723886556
2024-11-25,3.0714262799772944,1.9867077751253817,0.9744221625843834
2024-11-26,3.5791856631199184,1.870939883970829,0.9213928609670357
2024-11-27,3.554386336108944,1.962776276683117,0.890948029341353
2024-11-28,3.5264867088949052,1.8096435540628923,0.8524009404355261
2024-11-29,3.3592989893695746,1.6709539152208304,0.8065337812177292
2024-12-02,3.252055485427845,1.614350023250295,0.7939643606774519
2024-12-03,3.25266422555356,1.564090896855378,0.7536935921433127
2024-12-04,3.0883451677518434,1.4616159890438487,0.7505734955446687
2024-12-05,3.0575038424011645,1.3505847028573692,0.8536474972233128
2024-12-06,3.120461546708109,1.2527622736097486,0.9277468104366953
2024-12-09,3.0976235468250466,1.214380222472471,0.8924451651329804
2024-12-10,3.1927958693757827,1.1323419735916596,0.8413843018769799
2024-12-11,3.140339613583867,1.224003971570877,0.8143087426204937
2024-12-12,3.1694757694764637,1.5145071842951268,0.7615299937434141
2024-12-13,3.094242237532765,1.3970834362614375,0.7919465072255999
2024-12-16,2.9970537020650436,1.4227306634095516,0.8057988837637069
2024-12-17,3.044184993700509,1.5166300010508322,0.7553462311324347
2024-12-18,2.909044375351391,1.3989483893949148,0.7516561996278174
2024-12-19,3.3956999228756457,1.3315212599405848,0.7219393915582062
2024-12-20,3.518358134794445,1.4038421841805893,0.8822333461333837
2024-12-23,3.327584993833326,1.3480771904247204,0.8358098495487536
2024-12-24,3.484829834451539,1.4312779426991813,0.7954620291994895
2024-12-25,3.453777777510099,1.3557136612845289,0.7926420636517063
2024-12-26,3.2989416106229297,1.257287588253207,0.7972126234092465
2024-12-27,3.4995424533151667,1.1921218238952835,0.7669048586555981
2024-12-30,3.5116147184359177,1.1343331322314614,0.7282750696312236
2024-12-31,3.494293782446453,1.0935549905753883,0.7482200650486149
2025-01-02,3.3352021927271194,1.0740670899189246,0.7628310508417128
2025-01-03,3.3126967387346964,1.3209747982611142,0.7227662363040289
2025-01-06,3.1941241290673084,1.3392125808004658,0.9519211973218968
2025-01-07,3.1917500535784042,1.3230750028069944,0.9935537810260532
2025-01-08,3.563645405044681,1.2348700977990212,0.9145783619944797
2025-01-09,3.6110436234222307,1.21669305310878,0.8589609215797656
2025-01-10,3.7000681307062755,1.2469290409872917,0.9223253214333955
2025-01-13,3.575267896299961,1.1815961630794418,1.0785019464346308
2025-01-14,3.3975090268849892,1.1683937214388131,1.0130620596665367
2025-01-15,3.3046991891014272,1.1552641570171343,1.055426485975195
2025-01-16,3.3038765091079445,1.1003428976654508,0.9897055233688489
2025-01-17,3.191832779881067,1.111816394052275,0.9285518708323013
2025-01-20,3.219361494204769,1.090982752497087,0.8902187692427076
2025-01-21,3.2983690363906852,1.0864650021237068,0.8554924178856476
2025-01-22,3.284932421032972,1.1626576323329942,0.8256245434437741
2025-01-23,3.355925399708074,1.2602647905079867,0.8274225919336023
2025-01-24,3.261589464675081,1.192077382196241,0.8499335849532309
2025-02-03,3.127892919118816,1.190177594474025,0.7984524746307089
2025-02-04,3.32109999386723,1.3805207574559586,0.9504167550687144
2025-02-05,3.450130222360252,1.2717915546924483,0.9336864644129477
2025-02-06,3.4204566125755242,1.333554488775568,0.8813635225204763
2025-02-07,3.3125346072706914,1.4814124088312217,0.8327959336521146
2025-02-10,3.1509060081270386,1.4876991626496023,0.7873800917077494
2025-02-11,3.0354984741866677,1.7142033759459885,0.8972828486723419
2025-02-12,3.032034577593591,1.6540635258176968,0.8518812141057168
2025-02-13,2.9963757616394524,1.641413287926669,0.8410404209346055
2025-02-14,2.9671373438369115,1.6859287502358509,0.7972730089904669
2025-02-17,2.840825982384323,1.6781180142909964,0.7622487354994548
2025-02-18,2.9292777606714635,1.645850323142211,0.7597829832135196
2025-02-19,2.8067636289238793,1.6881052357084256,0.7340762396032166
2025-02-20,2.731929287122108,1.767865424548023,0.7365619010197162
2025-02-21,2.6902726501827097,1.690063119835344,0.7055249685036457
2025-02-24,2.810703811004789,1.639358176023266,0.6786740369325523
2025-02-25,3.2409920109662886,1.5505963701683485,0.6799231724886146
2025-02-26,3.4397757746858506,1.4287754221954743,0.6785370342497256
2025-02-27,3.7880402966822873,1.4271328633432452,0.6589846969944384
2025-02-28,3.5690038465017366,1.3348743797131066,0.6471967731274406
2025-03-03,3.423401124607105,1.3222025601086709,0.6638776988777787
2025-03-04,3.3187745392878285,1.3310657957278011,0.6433883852766612
2025-03-05,3.210533287437507,1.7370172794925327,0.6216693511388286
2025-03-06,3.204093872487766,1.5920510636194332,0.7114483745031528
2025-03-07,3.119819590483987,1.4651447105619217,0.7305270404388954
2025-03-10,3.3570729656464735,1.4245351018791368,0.7154033283090835
2025-03-11,4.327931780699037,1.3467770732565367,0.6874032245987141
2025-03-12,4.245033721128713,1.2389030392379536,0.656488255343961
2025-03-13,4.016995578711506,1.2980040078817212,0.6394593281355645
2025-03-14,4.096842116028847,1.4547730441949513,0.7611540681298136
2025-03-17,3.98202155097469,1.711786717686387,0.7155562158542355
2025-03-18,3.75407337262758,1.6361978714389156,0.7156543231016977
2025-03-19,3.701561580206841,2.049878077476402,0.7813407073406143
2025-03-20,3.6853918624783253,2.1684322255264057,0.836643254926272
2025-03-21,3.7528400949260416,1.9609601862936008,0.782448579068602
2025-03-24,3.5790836916405637,2.167450781996798,0.7665930404686983
2025-03-25,3.550799603852804,1.9675573655006964,0.7461905744897853
2025-03-26,3.367169949262221,1.896219787283192,0.7036471897357259
2025-03-27,3.2720189270749334,1.8599267507841801,0.7481922443989187
2025-03-28,3.108191150419626,1.8142073957861609,0.7358835813171885
2025-03-31,3.297049167494545,1.894777917783342,0.7811775137720744
2025-04-01,3.379218991378713,2.072561270464086,0.9070239017536705
2025-04-02,3.322748955553314,1.8717471043721692,0.8831559704178864
2025-04-03,3.4360793489851673,1.7486974808941105,0.8384802880183758
2025-04-04,3.2664211207205476,1.6627085807519975,3.8751531909082777
2025-04-08,3.1334846682298885,1.634370759885857,3.2827258825524357
2025-04-09,3.947731158922034,1.6534591946121848,3.9839108270493813
2025-04-10,4.0518792841359605,1.992219382844712,3.763068847074583
2025-04-11,4.123665470822082,2.1071611671111175,3.372012465049931
2025-04-14,4.004855669178574,2.2818176039236606,2.979723242502237
2025-04-15,3.8223836629537256,2.6876021615691146,2.5049511886646028
2025-04-16,3.6601682248236544,2.49197507869531,2.1987772684876434
2025-04-17,3.4594853658732805,4.5364292271130635,1.9433877760067926
2025-04-18,3.3179820642586653,4.482593972936279,1.6972396012159443
2025-04-21,3.2004575728558606,4.264595313151036,1.5402029499971788
2025-04-22,3.183688974672393,3.9209111775926786,1.5609016391960369
2025-04-23,3.319444645236351,4.804790486460859,1.5044219626368958
2025-04-24,3.1832482899766976,4.762440982907908,1.3952577072483334
2025-04-25,3.0373899823179302,4.546977732836569,1.279573748795319
2025-04-28,2.933087714101724,4.048879398954443,1.1628041342894357
2025-04-29,2.806908266225295,3.6827363301707288,1.081166778048138
2025-05-05,2.7841962257314137,3.598458027746075,0.9926066645779312
2025-05-06,2.677783099133172,3.3558013859855254,0.966436143635971
2025-05-07,2.647338178707722,3.454366167807195,0.8990105323953158
2025-05-08,2.550717254460607,3.071335300641381,0.8666187039253113
2025-05-09,2.71861382730846,2.9294499486961403,0.8907988761333144
2025-05-12,2.607214478017664,2.789013160216204,0.8858104311820693
2025-05-13,2.5334509425126477,2.7602313113734263,0.88873035824264
2025-05-14,2.485910115826026,2.711256824204698,0.8640426229730478
2025-05-15,2.457090401190825,2.4898371229865184,0.871339613446175
2025-05-16,2.372661662070316,2.490926810858912,0.8147736352880782
2025-05-19,2.324954690687407,2.2814873444282164,0.9083483278771002
2025-05-20,2.323991581265391,2.20621045296011,0.9063691892378638
2025-05-21,2.2939668049588096,2.0001917830663767,0.9214953817439593
2025-05-22,2.3315783647041806,2.155708043881889,0.8634546083069033
2025-05-23,2.3300937388491163,1.9835129595840895,0.9629438439578469
2025-05-26,2.659903430047232,1.806932765574529,0.8970165724076925
2025-05-27,2.6127864976464665,1.8560070063955356,0.9135242948579313
2025-05-28,2.564564330265161,1.774955414038643,0.8542500302895012
2025-05-29,2.585717222523496,1.6715545452743312,0.7959892351836324
2025-05-30,2.6867009947066305,1.614630548043492,0.7512371968789884
2025-06-02,2.7371578275322865,1.5532847782683403,0.8310327057806375
2025-06-03,2.6905538155597433,1.4822646839327254,0.7844206991793445
2025-06-04,2.617394241615131,1.455746758125063,0.7760810134960853
2025-06-05,2.585467594571126,1.3454209415850398,0.7757710618049024
2025-06-06,2.7983620289510203,1.3181287664260783,0.7907783837930157
2025-06-09,2.7752271569101428,1.282656156041587,0.9032134223655006
2025-06-10,2.894338309814675,1.2271044206048523,1.1229826509533163
2025-06-11,2.7696232785633605,1.281949360393844,1.0415539059960253
2025-06-12,2.8179728462105262,1.2177069165621914,0.9947833060357453
2025-06-13,2.9676164162863685,1.1396701078680676,0.9389287326952163
2025-06-16,2.840295715369839,1.1917920415120877,0.9993328717322153
2025-06-17,2.742368723135591,1.1291772352741445,1.025543497524744
2025-06-18,2.8468874007523572,1.0567563047990696,0.9597110989698893
2025-06-19,2.7270342691080898,0.9923411422206686,0.8973002216350452
2025-06-20,2.6314314754504635,0.9577279475060965,0.8487368169379063
2025-06-23,2.6557293183012614,0.9039879629006932,0.7943779525727557
2025-06-24,2.628818668398531,0.8815467589232038,0.7689884359307092
2025-06-25,2.5532619840986412,0.8587673663890335,0.7498857460159213
2025-06-26,2.4955648375500803,0.8153513738051512,0.716351790193499
2025-06-27,2.4414740110959396,0.8469747695401735,0.69975490185167
2025-06-30,2.372551052615044,0.8395013114723295,0.6880162385372806
2025-07-01,2.2999715312218796,0.8211098123659484,0.6653718030617489
2025-07-02,2.3573158322750825,1.028731538801627,0.6328893249279589
2025-07-03,2.3898078882696847,0.9673703327936362,0.6308302683485396
2025-07-04,2.3442073104941956,1.0034660233309292,0.6456629143802176
2025-07-07,2.40611562145953,0.9903657745876616,0.6340891220189119
2025-07-08,2.3227568134968477,0.9788750036102608,0.6636751656931962
2025-07-09,2.2568967853495403,0.9913640931221088,0.6793390977138075
2025-07-10,2.2684889916298703,0.9797236217507183,0.6994229580862685
2025-07-11,2.376906918217566,0.9274361883295127,0.7172832085392722
2025-07-14,2.348613982407781,0.8806314505153503,0.7228438344571658
2025-07-15,2.3492315495229597,0.903644302425768,0.7259393266600022
2025-07-16,2.44255444311116,0.9014168522602759,0.8335519339406622
2025-07-17,2.3790763368257966,0.9114922829216608,0.8387187181052891
2025-07-18,2.314213026694332,0.8626208262914558,0.8264790071973829
2025-07-21,2.3522484163514927,0.922539979682431,0.7891127669281038
2025-07-22,2.3340750881188814,0.9406621919449831,0.9394046697262408
2025-07-23,2.336110717985807,0.9025316977424447,0.976331981448164
2025-07-24,2.358366941213564,0.9675931674107617,0.9192254084076792
2025-07-25,2.3263195277615503,1.0301235368100055,0.8761937954726082
2025-07-28,2.3246979471774925,0.9686112383954502,0.8416778723430762
2025-07-29,2.249073197081437,0.9533949146954491,0.893188154856315
2025-07-30,2.177729749436848,0.8890639293641361,2.2385962767616174
2025-07-31,2.116438963611581,0.8670957581240719,1.989750827848732
2025-08-01,2.242888341264589,0.8340489318569703,1.8151272046988
2025-08-04,2.4124137002753003,0.7931535234694648,1.6674310790379558
2025-08-05,2.3765823765263394,1.1927482723831588,1.5481643339564213
2025-08-06,2.3791135408666535,1.1778620660368413,1.449276682925359
2025-08-07,2.327067107132364,1.089262249358554,1.3545648926801332
2025-08-08,2.3303206385483275,1.0212736331806265,1.2321199361312332
2025-08-11,2.3187545371152054,1.0257145823583018,1.1301868238854373
2025-08-12,2.3065765914196485,0.9976390105806481,1.0630193186094006
2025-08-13,2.28376304817876,0.939636073334316,1.0004639646358084
2025-08-14,2.3192585703276447,0.9108188539694945,0.9195977174319035
2025-08-15,2.6583298458452695,0.9491087911243047,0.9513378250494776
2025-08-18,2.6824767529169393,0.918124006647857,1.0410214814151604
2025-08-19,2.6818567953261905,0.9333753713082494,0.9761986447027743
2025-08-20,2.8789561377848036,0.8822092419119711,0.9521329667819209
2025-08-21,2.791435544605708,0.858274919751603,0.9090206204347638
2025-08-22,2.80359044346627,0.9017892644571244,0.9016544485976197
2025-08-25,2.843051921413536,0.8539296522821459,1.4340772233304617
2025-08-26,3.3764881995602023,1.1052760448840118,1.5779406988360847
2025-08-27,3.2379301322481,1.1077210888719513,1.573914293014379
2025-08-28,3.11101996915108,1.0272780286533207,1.4238042573282
2025-08-29,3.0079380032722063,1.0807577764012686,1.271760064850034
2025-09-03,3.25471640337901,1.137567104065762,1.1557625249659116
2025-09-04,3.1955291066855382,2.12736341286064,1.063663244291213
2025-09-05,3.105127566849762,1.986344645926381,0.9950223761447259
2025-09-08,2.979639589858809,1.8637576311099975,1.2902603026788741
2025-09-09,2.890948545671598,1.7476547142964833,1.6508717417599468
2025-09-10,2.8061905786199977,1.692989140543533,1.4999340956584004
2025-09-11,2.763367496086242,1.6026651711604545,1.3313096519097833
2025-09-12,2.7038027971191485,1.7411300443270246,1.2185009846603911
2025-09-15,2.6116396778814517,1.7959484799370717,1.1232676160430262
2025-09-16,2.5773990809773357,1.64852701742965,1.0909225084382794
2025-09-17,2.5187497966602477,1.7656714034249408,1.0822842892035218
2025-09-18,2.4470006556511437,1.6170868020698135,1.0766941901943052
2025-09-19,2.367916182703614,1.5172206827227803,1.0355894951844464
2025-09-22,2.4106349321589637,1.3994673019532757,1.013894204887721
2025-09-23,2.606638230117877,1.5830134731146701,1.275497546087745
2025-09-24,2.58050039577164,1.6924920074841612,1.1539324159925262
2025-09-25,2.520409914211149,1.5579808213432387,1.113671824227415
2025-09-26,2.8271240218428875,1.4798940128355056,1.0255319612852662
2025-09-29,2.709077863511064,1.366660728349302,1.0268699585492351
2025-09-30,2.771534568521776,1.6392714245231492,0.9720828939766906
2025-10-01,2.6538566152062053,1.5691708178949342,0.9493087312599112
2025-10-02,2.7098300836608704,1.662938718750876,0.8788477802174777
2025-10-03,2.6708187106003853,1.5656963045453929,0.9818120262996084
2025-10-06,2.612884980714516,1.4612329826362078,0.9523073704284466
2025-10-07,2.588240202312022,1.7749928072862806,1.0461019841929535
2025-10-08,2.7687955193114533,1.6759782627624065,1.1434235615690476
2025-10-09,2.7011628262839213,1.8584477598968852,1.0777685692340238
2025-10-10,2.7234138371907886,1.6980429982775318,1.0435433824839588
2025-10-13,3.4225716157934993,1.5858314197102859,1.0597791762628184
2025-10-14,3.283148573385684,1.7775794613108327,0.989741842654287
2025-10-15,3.293707951852698,1.9550663498563317,0.9212599284639382
2025-10-16,3.3471560745978604,2.0809925121634394,0.8695754561178521
2025-10-17,3.443343763634552,2.03942781057106,0.8375757522800502
2025-10-20,3.445638207306654,2.601016962314487,1.3234414008305286
2025-10-21,3.4146085455269515,2.448641675439422,2.6146637894747933
2025-10-22,3.408431222810283,2.3340570162183636,2.311832967083954
2025-10-23,3.321754689939004,2.523177519596022,1.9908224096438776
2025-10-24,3.2353589822314612,2.3850146035658253,1.7236388967060057
2025-10-27,3.104236357471136,2.2431421179662774,1.5802518174885298
2025-10-28,3.0602997452859997,2.0202074027253523,1.5854662649651619
2025-10-29,3.0068824969242547,2.181361052694136,1.4788295702996421
2025-10-30,3.133375765077048,2.492224193564413,1.309934815292038
2025-10-31,3.155781095093903,2.2735736228601677,1.3710739421860563
2025-11-03,3.0350478884122234,2.1205520154688413,1.556249792592168
2025-11-04,3.175350143209851,1.9878514334139585,1.5556820103257152
2025-11-05,3.5415234857053823,1.8820816389210382,1.4776200871558058
2025-11-06,3.418760268185163,1.781483894471313,1.3580693617597135
2025-11-07,3.479791132462423,1.7459781865219726,1.3589327347490796
2025-11-10,3.3608752840889777,1.5998820785343464,1.7228394983075088
2025-11-11,3.289261783572995,1.7536064146523564,1.6245264367012353
2025-11-12,3.403174317300176,1.880614328074951,1.455253977941746
2025-11-13,3.3774470459611643,1.7608514945448865,1.4048793667534956
2025-11-14,3.4114682673700876,2.1188719257432416,1.33306076374674
2025-11-17,3.8027229831752325,2.0149515880630404,1.218471482889328
2025-11-18,3.8698964716364275,2.0557793891757323,1.1658461486540332
2025-11-19,3.6687705483231468,2.0226579767601667,1.0690237475938362
2025-11-20,3.6058327140593023,2.066911855922808,1.1545721897497019
2025-11-21,3.9832075252675065,1.9274115585330907,1.079579012638702
2025-11-24,3.968814367499554,1.802049026361048,1.0062141999297087
2025-11-25,3.868539942477131,1.7104322208022895,0.9565246592714193
2025-11-26,3.728071136408191,1.979362160204336,1.0061893179613561
2025-11-27,3.653767795770855,1.8462997733181423,0.999814284725155
2025-11-28,3.489065402539592,1.6874516268837516,0.922278630641934
2025-12-01,3.3364229470769016,1.641339961767953,0.8750315610407134
2025-12-02,3.7283274386451546,1.6341938734041543,0.8380747747762476
2025-12-03,3.7332259603278373,1.5625669222921563,0.8373028034240979
2025-12-04,3.628293805793789,1.4392812445562744,0.812406003605396
2025-12-05,3.562874215505884,1.3922315778661842,0.7746547614670254
2025-12-08,3.69077117181939,1.4352780656488033,0.7383499563753905
2025-12-09,3.521358249757349,1.3619773787409128,0.7362032167787231
2025-12-10,3.420783772769324,1.3334148637289835,0.7976446958604404
2025-12-11,3.297673914993962,1.3664922282322698,1.1031659936147706
2025-12-12,3.1454280960463024,1.2840275949415947,1.1997540239742566
2025-12-15,3.262882907691919,1.3401217859327808,1.7652036493788827
2025-12-16,3.5713053561430463,1.4779954953203585,1.540794869275395
2025-12-17,3.4216966333158005,1.5067072261633832,1.4532143230798256
2025-12-18,3.423447263975186,1.448731862518776,1.4015577721878825
2025-12-19,3.34581660177419,1.3336361851329328,1.2518969542962481
2025-12-22,3.288490963726044,1.2378038440835253,1.2319553206958833
2025-12-23,3.1383881477438105,1.2974096557587107,1.2534204126721733
2025-12-24,3.099409614182212,1.4193232183638302,1.1626950945375973
2025-12-25,2.954439800913124,1.307186288432138,1.088978428380228
2025-12-26,2.8691710956855685,1.2482582706615757,1.4366839951422603
2025-12-29,2.766016550167292,1.2196112939155859,1.3603845264713497
2025-12-30,2.6857803633762294,1.26059845185269,1.2802433591039861
2025-12-31,2.6282012331799773,1.4899374636727543,1.1694377146927613
2026-01-05,2.633846307213661,1.5483491887071663,1.092487533167633
2026-01-06,2.838691701991314,2.237454671948164,1.0116138416693652
2026-01-07,2.7184986469374954,2.1308921776654914,1.0199996394343773
2026-01-08,2.8795343766895667,1.9267358702394424,1.0583980470366021
2026-01-09,2.8105199286475515,1.8334375287819367,1.0671915623083619
2026-01-12,2.771716975863272,1.81420712328015,1.0144351819697845
2026-01-13,2.675383627758152,2.2759193481647597,0.9601398944286265
2026-01-14,2.7592302749450277,2.0605296899847803,0.9548291529649258
2026-01-15,2.7163630342877396,2.0693923086395114,1.04558633668629
2026-01-16,2.751339214130307,1.938040886515348,1.224713282730729
2026-01-19,2.6584197120187727,1.7673729576694166,1.1507372790037833
2026-01-20,2.88192090139344,1.9355853260345595,1.0839933407575746
2026-01-21,3.281473215832902,1.8939718065212834,1.0834300607114904
2026-01-22,3.1503606306817593,2.441540803721315,1.0611609903532764
2026-01-23,3.0029716867483964,2.296436197374594,0.9729641666695669
2026-01-26,2.865347919235094,2.4850574395640317,1.035910409306723
2026-01-27,2.9080374893909995,2.9574162003055475,1.2649610079977684
2026-01-28,2.8014457223642593,2.6513661177658343,1.241816716495073
2026-01-29,2.695205176884354,3.394319848264873,1.411918200555979
2026-01-30,3.2106949751000413,3.7960261088293747,1.2893825911389645
2026-02-02,3.1766419001824846,4.051759606974832,1.184268912283666
2026-02-03,3.7777813441135133,4.856411986010797,1.319875005042402
2026-02-04,3.979836643688858,5.907931045963656,1.204265891606498
2026-02-05,4.1117102023890535,5.601951422249357,1.2969726107704982
2026-02-06,5.645039858313338,5.0954167487122355,1.2478115584084417
2026-02-09,5.6460789659485044,4.507339558449575,1.457080682995007
2026-02-10,5.219766955844566,4.468722815467537,1.303669749503132
2026-02-11,5.050521689746134,3.973221387636743,1.22341613411222
2026-02-12,4.975919055968408,3.511885232898898,1.2366374809484868
2026-02-13,4.721713808275275,3.1202918202824543,1.1414353067317293
2026-02-23,4.54517729508129,2.9319068045080567,1.0706776186229383
2026-02-24,4.859153726080279,3.42423655439454,1.082933181568907
2026-02-25,4.59416396897172,3.0456785236336024,1.009026209565064
2026-02-26,4.540013040059645,2.7772549577053183,1.032559332957708
2026-02-27,4.307426329803377,2.5486538328029473,1.006068659703761
2026-03-02,4.303890084745047,2.3311596647740496,0.9268253751905686
2026-03-03,4.1946609373533175,3.153564515870042,1.3047383363447946
2026-03-04,3.936902898935842,3.0025076726360984,1.4936038538570935
2026-03-05,3.9571802283352553,2.974835951541847,1.3500242057025882
2026-03-06,3.934907583319358,2.65836046736603,1.3664887803013985
2026-03-09,4.0973160783118185,2.4361758498046253,1.7230328788472473
2026-03-10,3.8548782005643942,2.201975733915811,3.0871119432091154
2026-03-11,3.724927232703625,2.2337602886428014,2.672847468023635
2026-03-12,3.519232559107757,2.132538860240021,2.3655038289984143
2026-03-13,3.3419410673545995,1.9999171435899983,2.3189130581006148
2026-03-16,3.199827829705061,1.929531783810772,2.1124421754638005
2026-03-17,3.2696873633468018,1.8846981344664533,1.8522117748729532
2026-03-18,3.2032171295532965,1.7280671297591708,1.6474226301631933
2026-03-19,3.4285696453053407,1.5842279183031462,1.5037735283347649
2026-03-20,3.459748856252674,2.127554254864301,1.4578110983359993
2026-03-23,3.292324590340393,1.9786486056073067,1.8834903166365078
2026-03-24,3.147851315460437,2.762967379754433,2.2770022678994164
2026-03-25,3.0343130103388645,3.109638058206662,2.0224152123439567
2026-03-26,2.932314536292593,3.2312788072340815,1.8573737845974692
2026-03-27,3.170572694252277,3.0328936611546187,1.8648520579995471
2026-03-30,3.4163525020857963,2.7041733889337545,1.7186106587040082
2026-03-31,3.236943888901897,2.7136710398083834,1.5608514211358955
2026-04-01,3.1671161505670393,2.555452464951363,1.4139368442671583
2026-04-02,3.0323585022202066,2.5208489272035703,1.326043388038999
2026-04-03,3.0807019181027857,2.5409186534899506,1.2485854554327167
2026-04-06,2.950205455922569,2.3934426094940604,1.2718101343174917
2026-04-07,2.9300401742472837,2.2493662112889186,1.2031797832619522
2026-04-08,2.98488387023029,2.0830438829307942,1.093613002491468
2026-04-09,2.9409950593267458,2.151933386157472,1.2558291555713248
2026-04-10,2.834638633087898,2.1917831503942544,1.469156888357734
2026-04-13,2.7795236765050566,2.1240825174986155,1.3582049578659257
2026-04-14,2.7475818353451507,2.021750898565913,1.2407760280986138
2026-04-15,2.6708656599726184,2.0619327530536604,1.1792115169370085
2026-04-16,2.591396869428598,1.875075901606617,1.1027130363786823
2026-04-17,2.4989233168231384,1.896344970763697,1.0714715183903547
2026-04-20,2.5093074807763434,1.7464213935874326,1.0358499314479674
2026-04-21,2.564795807088616,1.6425230795717451,1.0128402789104625
2026-04-22,2.47959787221586,1.5443538983077172,0.9984842802165571
2026-04-23,2.4870965863667007,1.4704414130375014,0.9909799297842539
2026-04-24,2.3977782765376143,1.4220409842863848,0.9307402430672951
2026-04-28,2.4359718173650275,1.413272750106426,1.0252597721529868
2026-04-29,2.48755448067324,1.3685467829327669,1.0031772315769685
2026-05-04,2.495435391129828,1.393710045728934,1.1544157508413382
2026-05-05,2.6231676810157576,1.3436828189560028,1.0498840043682265
2026-05-06,2.57819496463874,1.3816023953468513,1.0126493247919537
2026-05-07,2.4951590583807466,1.3970449351549417,0.9745225565218348
2026-05-08,2.5684687001992215,1.4921482847399565,0.9280984326666553
2026-05-11,2.4907117034398154,1.3774344808509578,0.8784236408510788
2026-05-12,2.4789415256808094,1.4735971047754297,1.0131296977203093
2026-05-13,2.5305195788434687,1.3687552421661024,0.9482290529765829
2026-05-14,2.6127499110408694,1.3095672416965207,0.9226153708606829
2026-05-15,2.5939644749679354,1.2165486849300757,0.9281688933706491
2026-05-18,2.726792061113502,1.2183407625315426,0.953911631580929
2026-05-19,2.9104874742157083,1.131790843376856,0.9053764284191919
2026-05-20,2.8421806751675813,1.0838748132147826,1.0138119342656493
2026-05-21,2.7485771617731185,1.1714194437136778,0.9397255291594895
2026-05-22,2.6373368020075163,1.1184302427940982,1.0866703350893978
2026-05-25,2.813824765989048,1.0807813230298349,1.1612640303239343
2026-05-26,2.774234722765172,1.0137282091282873,1.0714836958871408
2026-05-27,2.845352427325657,0.9965483719412765,1.002443177372037
2026-05-28,2.951963021564778,1.0080550084394353,1.0511326455141703
2026-05-29,2.9566452322342878,1.2626336181894788,1.0517482508700946
2026-06-01,2.841837587351237,1.3009090206146798,0.9658064603495012
2026-06-02,3.0426158720299767,1.2088990554435008,1.121891993196022
2026-06-03,3.645745230786863,1.2152357726816039,1.2017122805553098
2026-06-04,3.910366744817763,1.176348546908069,1.1450841945092043
2026-06-05,3.7427540918643785,1.187476027641762,1.0737076477719312
2026-06-08,4.011586755916866,1.4345012764543408,0.9845295342881673
2026-06-09,3.8928629162422546,2.5911023425246453,1.5300980751550204
2026-06-10,3.8687604616587183,2.3324949821841314,1.3770033685510932
2026-06-11,3.7026773646802043,2.6259410226003825,1.2555976539320786
2026-06-12,3.6252588506912238,2.400268217077014,1.2277233155008263
2026-06-15,3.4354373376571123,3.9971223903996003,1.2133604181593416
2026-06-16,3.4129269248263676,4.449212767086374,1.1354071359562816
2026-06-17,3.3244872069571407,4.075611628463743,1.045994089134946
2026-06-18,3.345704635679976,3.6362404847500547,1.0077658736159791
2026-06-19,3.421606634100516,3.226031039176697,0.9997801676874052
2026-06-22,3.270698213505022,3.323612901797801,0.9882098403957105
2026-06-23,3.127599056073503,3.2422675840572337,1.0081766532982497
2026-06-24,3.1624657300011423,3.03214933490889,0.9424713134454896
2026-06-25,3.3204237937693377,2.710981444002075,0.8999985442502184
2026-06-26,3.3629855569852305,2.5068563812034976,1.0312510544468183
2026-06-29,3.1944158406565113,2.3569328143211954,0.9850748693272515
2026-06-30,3.0498561482605817,2.261514125982597,1.1400854966926823
2026-07-01,3.1881122311050194,2.137936965582232,1.0520958897613357
2026-07-02,3.121821844007327,1.9949583257242356,0.9691488713759479
2026-07-03,3.0809755085124686,2.134567841266225,0.8920027707232716
2026-07-06,3.0040093728348856,2.4417579284611657,0.9091278837882328
2026-07-07,2.960182122816612,2.2382580701483104,1.0046962042752623
2026-07-08,2.923684295633907,2.1160224192870007,0.9359712264218111
2026-07-09,2.976604934362613,2.0573280434718924,0.8723746697726891
2026-07-10,2.8909119263726146,1.9166445469557347,0.9745584742186982
2026-07-13,2.8203952826063894,1.8621033116664072,1.0166809623374096
2026-07-14,3.0113622807868556,1.8380625978994527,1.2147484475047063
2026-07-15,3.0343191162538132,1.7618461079022272,1.1155993358802576
2026-07-16,2.906253331148649,1.7471788875200422,1.3358667221136904
2026-07-17,2.9314876355920907,1.6276952671907263,1.266505988520674
2026-07-20,2.803447438101635,1.6463951639528391,1.367073642932084
2026-07-21,2.7695626147503654,1.5912846959367093,1.675998566472036
2026-07-22,2.7327183129234562,1.4951425313086582,1.588527914767244
2026-07-23,2.6708137444205873,1.4402892562012457,2.1183982068802796
2026-07-24,2.7341133000532767,2.0986130139879844,1.9112556610127267
2026-07-27,2.782405738395452,1.958184895349111,1.8703422785052533
2026-07-28,2.7456145101808325,2.3362594679553683,1.7743778449078218
2026-07-29,2.633195499616579,2.2543931901613603,1.5750269113730784
2026-07-30,2.527058932051928,2.041904910157965,1.480723393221751
2026-07-31,2.4765126968589697,1.8556236309388718,1.4058946085056132
